{
  "0": 0.03826851965433928,
  "1": 0.03873917737044394,
  "2": 0.037988311605783365,
  "3": 0.03845676822536108,
  "4": 0.03823113767895848,
  "5": 0.040100179513559694,
  "6": 0.03845404778157586,
  "7": 0.03893806237345958,
  "8": 0.038901788814525516,
  "9": 0.03931513682229533,
  "10": 0.0379851766070351,
  "11": 0.03895710066426546,
  "12": 0.03798314464572621
}