,BERTopic,BERTopic_reduced
Modularity,0.18643808125405126,0.1232136529035972
Ncut,0.7880995384978482,0.8374267010062756
NMI,0.32380627747532004,0.2427500679664063
