,BERTopic,BERTopic_reduced,Louvain
Modularity,0.1158309040042256,0.16946287490554837,0.2704804045460516
Ncut,0.7962247179082349,0.7826429881265413,0.575886378376304
NMI,0.1428024547430102,0.13875461934816175,0.1194028818922328
