,BERTopic,BERTopic_reduced,Louvain
Modularity,0.1158309040042256,0.1694628749055483,0.27042675313814035
Ncut,0.7962247179082349,0.7826429881265413,0.6119291988987161
NMI,0.1428024547430102,0.1387546193481617,0.119306682790409
